GHCND:EI000003953,VALENTIA OBSERVATORY EI,19990725,0,179,126
GHCND:EI000003953,VALENTIA OBSERVATORY EI,19990726,0,218,108
GHCND:EI000003953,VALENTIA OBSERVATORY EI,19990727,0,230,131
GHCND:EI000003953,VALENTIA OBSERVATORY EI,19990728,0,232,131
GHCND:EI000003953,VALENTIA OBSERVATORY EI,19990729,0,201,147
GHCND:EI000003953,VALENTIA OBSERVATORY EI,19990730,5,189,160
GHCND:EI000003953,VALENTIA OBSERVATORY EI,19990731,3,215,128
GHCND:EI000003953,VALENTIA OBSERVATORY EI,19990801,81,206,147
GHCND:EI000003953,VALENTIA OBSERVATORY EI,19990802,0,181,146
GHCND:EI000003953,VALENTIA OBSERVATORY EI,19990803,233,213,111
GHCND:EI000003953,VALENTIA OBSERVATORY EI,19990804,57,196,152
GHCND:EI000003953,VALENTIA OBSERVATORY EI,19990805,235,210,118
GHCND:EI000003953,VALENTIA OBSERVATORY EI,19990806,20,190,132
GHCND:EI000003953,VALENTIA OBSERVATORY EI,19990807,0,203,118
GHCND:EI000003953,VALENTIA OBSERVATORY EI,19990808,0,190,140
GHCND:EI000003953,VALENTIA OBSERVATORY EI,19990809,0,180,136
GHCND:EI000003953,VALENTIA OBSERVATORY EI,19990810,96,186,123
GHCND:EI000003953,VALENTIA OBSERVATORY EI,19990811,8,197,135
GHCND:EI000003953,VALENTIA OBSERVATORY EI,19990812,31,202,127
GHCND:EI000003953,VALENTIA OBSERVATORY EI,19990813,29,162,145
GHCND:EI000003953,VALENTIA OBSERVATORY EI,19990814,12,176,131
GHCND:EI000003953,VALENTIA OBSERVATORY EI,19990815,56,172,123
GHCND:EI000003953,VALENTIA OBSERVATORY EI,19990816,207,162,112
GHCND:EI000003953,VALENTIA OBSERVATORY EI,19990817,176,179,115
GHCND:EI000003953,VALENTIA OBSERVATORY EI,19990818,1,171,116
GHCND:EI000003953,VALENTIA OBSERVATORY EI,19990819,0,193,103
GHCND:EI000003953,VALENTIA OBSERVATORY EI,19990820,3,195,105
GHCND:EI000003953,VALENTIA OBSERVATORY EI,19990821,4,184,127
GHCND:EI000003953,VALENTIA OBSERVATORY EI,19990822,155,180,150
GHCND:EI000003953,VALENTIA OBSERVATORY EI,19990823,39,204,147
GHCND:EI000003953,VALENTIA OBSERVATORY EI,19990824,62,199,155
GHCND:EI000003953,VALENTIA OBSERVATORY EI,19990825,44,186,155
GHCND:EI000003953,VALENTIA OBSERVATORY EI,19990826,0,178,140
GHCND:EI000003953,VALENTIA OBSERVATORY EI,19990827,10,181,140
GHCND:EI000003953,VALENTIA OBSERVATORY EI,19990828,99,190,126
GHCND:EI000003953,VALENTIA OBSERVATORY EI,19990829,0,169,131
GHCND:EI000003953,VALENTIA OBSERVATORY EI,19990830,0,174,117
GHCND:EI000003953,VALENTIA OBSERVATORY EI,19990831,27,177,141
GHCND:EI000003953,VALENTIA OBSERVATORY EI,19990901,2,181,151
GHCND:EI000003953,VALENTIA OBSERVATORY EI,19990902,0,201,145
GHCND:EI000003953,VALENTIA OBSERVATORY EI,19990903,1,205,155
GHCND:EI000003953,VALENTIA OBSERVATORY EI,19990904,0,200,160
GHCND:EI000003953,VALENTIA OBSERVATORY EI,19990905,148,195,150
GHCND:EI000003953,VALENTIA OBSERVATORY EI,19990906,82,178,162
GHCND:EI000003953,VALENTIA OBSERVATORY EI,19990907,444,186,110
GHCND:EI000003953,VALENTIA OBSERVATORY EI,19990908,102,165,133
GHCND:EI000003953,VALENTIA OBSERVATORY EI,19990909,0,174,108
GHCND:EI000003953,VALENTIA OBSERVATORY EI,19990910,399,190,141
GHCND:EI000003953,VALENTIA OBSERVATORY EI,19990911,88,156,106
GHCND:EI000003953,VALENTIA OBSERVATORY EI,19990912,34,153,95
GHCND:EI000003953,VALENTIA OBSERVATORY EI,19990913,1,149,102
GHCND:EI000003953,VALENTIA OBSERVATORY EI,19990914,200,166,60
GHCND:EI000003953,VALENTIA OBSERVATORY EI,19990915,113,169,128
GHCND:EI000003953,VALENTIA OBSERVATORY EI,19990916,100,153,96
GHCND:EI000003953,VALENTIA OBSERVATORY EI,19990917,357,159,107
GHCND:EI000003953,VALENTIA OBSERVATORY EI,19990918,86,166,120
GHCND:EI000003953,VALENTIA OBSERVATORY EI,19990919,26,180,120
GHCND:EI000003953,VALENTIA OBSERVATORY EI,19990920,7,170,100
GHCND:EI000003953,VALENTIA OBSERVATORY EI,19990921,0,164,123
GHCND:EI000003953,VALENTIA OBSERVATORY EI,19990922,143,182,121
GHCND:EI000003953,VALENTIA OBSERVATORY EI,19990923,56,170,118
GHCND:EI000003953,VALENTIA OBSERVATORY EI,19990924,24,163,136
GHCND:EI000003953,VALENTIA OBSERVATORY EI,19990925,47,156,111
GHCND:EI000003953,VALENTIA OBSERVATORY EI,19990926,143,145,88
GHCND:EI000003953,VALENTIA OBSERVATORY EI,19990927,56,143,119
GHCND:EI000003953,VALENTIA OBSERVATORY EI,19990928,208,170,95
GHCND:EI000003953,VALENTIA OBSERVATORY EI,19990929,12,170,125
GHCND:EI000003953,VALENTIA OBSERVATORY EI,19990930,6,148,114
GHCND:EI000003953,VALENTIA OBSERVATORY EI,19991001,82,138,114
GHCND:EI000003953,VALENTIA OBSERVATORY EI,19991002,112,137,84
GHCND:EI000003953,VALENTIA OBSERVATORY EI,19991003,40,139,93
GHCND:EI000003953,VALENTIA OBSERVATORY EI,19991004,0,131,80
GHCND:EI000003953,VALENTIA OBSERVATORY EI,19991005,1,135,49
GHCND:EI000003953,VALENTIA OBSERVATORY EI,19991006,24,153,102
GHCND:EI000003953,VALENTIA OBSERVATORY EI,19991007,9,142,106
GHCND:EI000003953,VALENTIA OBSERVATORY EI,19991008,51,150,126
GHCND:EI000003953,VALENTIA OBSERVATORY EI,19991009,8,150,130
GHCND:EI000003953,VALENTIA OBSERVATORY EI,19991010,23,147,125
GHCND:EI000003953,VALENTIA OBSERVATORY EI,19991011,0,137,78
GHCND:EI000003953,VALENTIA OBSERVATORY EI,19991012,0,143,31
GHCND:EI000003953,VALENTIA OBSERVATORY EI,19991013,0,150,86
GHCND:EI000003953,VALENTIA OBSERVATORY EI,19991014,0,145,73
GHCND:EI000003953,VALENTIA OBSERVATORY EI,19991015,2,177,121
GHCND:EI000003953,VALENTIA OBSERVATORY EI,19991016,0,177,120
GHCND:EI000003953,VALENTIA OBSERVATORY EI,19991017,0,170,100
GHCND:EI000003953,VALENTIA OBSERVATORY EI,19991018,0,146,100
GHCND:EI000003953,VALENTIA OBSERVATORY EI,19991019,0,129,100
GHCND:EI000003953,VALENTIA OBSERVATORY EI,19991020,5,131,55
GHCND:EI000003953,VALENTIA OBSERVATORY EI,19991021,204,139,62
GHCND:EI000003953,VALENTIA OBSERVATORY EI,19991022,137,152,105
GHCND:EI000003953,VALENTIA OBSERVATORY EI,19991023,78,145,116
GHCND:EI000003953,VALENTIA OBSERVATORY EI,19991024,26,150,103
GHCND:EI000003953,VALENTIA OBSERVATORY EI,19991025,27,136,104
GHCND:EI000003953,VALENTIA OBSERVATORY EI,19991026,0,135,99
GHCND:EI000003953,VALENTIA OBSERVATORY EI,19991027,52,143,98
GHCND:EI000003953,VALENTIA OBSERVATORY EI,19991028,2,128,48
GHCND:EI000003953,VALENTIA OBSERVATORY EI,19991029,63,150,63
GHCND:EI000003953,VALENTIA OBSERVATORY EI,19991030,57,130,104
GHCND:EI000003953,VALENTIA OBSERVATORY EI,19991031,90,139,88
GHCND:EI000003953,VALENTIA OBSERVATORY EI,19991101,33,136,98
GHCND:EI000003953,VALENTIA OBSERVATORY EI,19991102,1,131,75
GHCND:EI000003953,VALENTIA OBSERVATORY EI,19991103,5,140,102
GHCND:EI000003953,VALENTIA OBSERVATORY EI,19991104,289,133,109
GHCND:EI000003953,VALENTIA OBSERVATORY EI,19991105,39,115,84
GHCND:EI000003953,VALENTIA OBSERVATORY EI,19991106,8,118,70
GHCND:EI000003953,VALENTIA OBSERVATORY EI,19991107,21,133,91
GHCND:EI000003953,VALENTIA OBSERVATORY EI,19991108,1,138,101
GHCND:EI000003953,VALENTIA OBSERVATORY EI,19991109,0,154,66
GHCND:EI000003953,VALENTIA OBSERVATORY EI,19991110,0,121,40
GHCND:EI000003953,VALENTIA OBSERVATORY EI,19991111,0,112,11
GHCND:EI000003953,VALENTIA OBSERVATORY EI,19991112,0,105,24
GHCND:EI000003953,VALENTIA OBSERVATORY EI,19991113,0,110,77
GHCND:EI000003953,VALENTIA OBSERVATORY EI,19991114,14,103,67
GHCND:EI000003953,VALENTIA OBSERVATORY EI,19991115,21,107,32
GHCND:EI000003953,VALENTIA OBSERVATORY EI,19991116,27,106,65
GHCND:EI000003953,VALENTIA OBSERVATORY EI,19991117,149,125,74
GHCND:EI000003953,VALENTIA OBSERVATORY EI,19991118,0,126,90
GHCND:EI000003953,VALENTIA OBSERVATORY EI,19991119,0,93,46
GHCND:EI000003953,VALENTIA OBSERVATORY EI,19991120,0,94,4
GHCND:EI000003953,VALENTIA OBSERVATORY EI,19991121,17,102,2
GHCND:EI000003953,VALENTIA OBSERVATORY EI,19991122,26,120,35
GHCND:EI000003953,VALENTIA OBSERVATORY EI,19991123,129,125,94
GHCND:EI000003953,VALENTIA OBSERVATORY EI,19991124,9,127,100
GHCND:EI000003953,VALENTIA OBSERVATORY EI,19991125,84,134,87
GHCND:EI000003953,VALENTIA OBSERVATORY EI,19991126,27,109,71
GHCND:EI000003953,VALENTIA OBSERVATORY EI,19991127,343,131,65
GHCND:EI000003953,VALENTIA OBSERVATORY EI,19991128,34,131,98
GHCND:EI000003953,VALENTIA OBSERVATORY EI,19991129,10,121,40
GHCND:EI000003953,VALENTIA OBSERVATORY EI,19991130,17,126,64
GHCND:EI000003953,VALENTIA OBSERVATORY EI,19991201,1,112,98
GHCND:EI000003953,VALENTIA OBSERVATORY EI,19991202,26,121,86
GHCND:EI000003953,VALENTIA OBSERVATORY EI,19991203,16,88,75
GHCND:EI000003953,VALENTIA OBSERVATORY EI,19991204,5,84,45
GHCND:EI000003953,VALENTIA OBSERVATORY EI,19991205,15,121,30
GHCND:EI000003953,VALENTIA OBSERVATORY EI,19991206,80,125,79
GHCND:EI000003953,VALENTIA OBSERVATORY EI,19991207,118,111,71
GHCND:EI000003953,VALENTIA OBSERVATORY EI,19991208,25,88,65
GHCND:EI000003953,VALENTIA OBSERVATORY EI,19991209,30,88,45
GHCND:EI000003953,VALENTIA OBSERVATORY EI,19991210,241,125,48
GHCND:EI000003953,VALENTIA OBSERVATORY EI,19991211,82,111,55
GHCND:EI000003953,VALENTIA OBSERVATORY EI,19991212,133,82,53
GHCND:EI000003953,VALENTIA OBSERVATORY EI,19991213,60,69,46
GHCND:EI000003953,VALENTIA OBSERVATORY EI,19991214,3,62,22
GHCND:EI000003953,VALENTIA OBSERVATORY EI,19991215,4,85,17
GHCND:EI000003953,VALENTIA OBSERVATORY EI,19991216,185,121,43
GHCND:EI000003953,VALENTIA OBSERVATORY EI,19991217,178,120,73
GHCND:EI000003953,VALENTIA OBSERVATORY EI,19991218,330,113,82
GHCND:EI000003953,VALENTIA OBSERVATORY EI,19991219,10,81,11
GHCND:EI000003953,VALENTIA OBSERVATORY EI,19991220,304,118,12
GHCND:EI000003953,VALENTIA OBSERVATORY EI,19991221,359,115,65
GHCND:EI000003953,VALENTIA OBSERVATORY EI,19991222,70,103,69
GHCND:EI000003953,VALENTIA OBSERVATORY EI,19991223,164,114,47
GHCND:EI000003953,VALENTIA OBSERVATORY EI,19991224,279,104,65
GHCND:EI000003953,VALENTIA OBSERVATORY EI,19991225,37,91,21
GHCND:EI000003953,VALENTIA OBSERVATORY EI,19991226,90,88,30
GHCND:EI000003953,VALENTIA OBSERVATORY EI,19991227,41,66,30
GHCND:EI000003953,VALENTIA OBSERVATORY EI,19991228,3,81,25
GHCND:EI000003953,VALENTIA OBSERVATORY EI,19991229,85,100,42
GHCND:EI000003953,VALENTIA OBSERVATORY EI,19991230,27,112,55
GHCND:EI000003953,VALENTIA OBSERVATORY EI,19991231,32,113,75
GHCND:EI000003953,VALENTIA OBSERVATORY EI,20000101,10,110,21
GHCND:EI000003953,VALENTIA OBSERVATORY EI,20000102,42,119,73
GHCND:EI000003953,VALENTIA OBSERVATORY EI,20000103,105,99,73
GHCND:EI000003953,VALENTIA OBSERVATORY EI,20000104,34,112,50
GHCND:EI000003953,VALENTIA OBSERVATORY EI,20000105,33,113,40
GHCND:EI000003953,VALENTIA OBSERVATORY EI,20000106,1,112,50
GHCND:EI000003953,VALENTIA OBSERVATORY EI,20000107,88,112,55
GHCND:EI000003953,VALENTIA OBSERVATORY EI,20000108,57,80,41
GHCND:EI000003953,VALENTIA OBSERVATORY EI,20000109,6,104,36
GHCND:EI000003953,VALENTIA OBSERVATORY EI,20000110,74,106,51
GHCND:EI000003953,VALENTIA OBSERVATORY EI,20000111,281,115,80
GHCND:EI000003953,VALENTIA OBSERVATORY EI,20000112,70,80,68
GHCND:EI000003953,VALENTIA OBSERVATORY EI,20000113,17,75,38
GHCND:EI000003953,VALENTIA OBSERVATORY EI,20000114,0,62,42
GHCND:EI000003953,VALENTIA OBSERVATORY EI,20000115,0,51,-3
GHCND:EI000003953,VALENTIA OBSERVATORY EI,20000116,0,72,-7
GHCND:EI000003953,VALENTIA OBSERVATORY EI,20000117,0,90,5
GHCND:EI000003953,VALENTIA OBSERVATORY EI,20000118,6,69,-1
GHCND:EI000003953,VALENTIA OBSERVATORY EI,20000119,0,65,7
GHCND:EI000003953,VALENTIA OBSERVATORY EI,20000120,21,95,30
GHCND:EI000003953,VALENTIA OBSERVATORY EI,20000121,0,90,52
GHCND:EI000003953,VALENTIA OBSERVATORY EI,20000122,3,96,37
GHCND:EI000003953,VALENTIA OBSERVATORY EI,20000123,10,91,30
GHCND:EI000003953,VALENTIA OBSERVATORY EI,20000124,0,90,-5
GHCND:EI000003953,VALENTIA OBSERVATORY EI,20000125,0,92,-10
GHCND:EI000003953,VALENTIA OBSERVATORY EI,20000126,0,73,-14
GHCND:EI000003953,VALENTIA OBSERVATORY EI,20000127,53,85,20
GHCND:EI000003953,VALENTIA OBSERVATORY EI,20000128,91,110,28
GHCND:EI000003953,VALENTIA OBSERVATORY EI,20000129,9,119,83
GHCND:EI000003953,VALENTIA OBSERVATORY EI,20000130,30,120,107
GHCND:EI000003953,VALENTIA OBSERVATORY EI,20000131,88,112,105
GHCND:EI000003953,VALENTIA OBSERVATORY EI,20000201,17,111,102
GHCND:EI000003953,VALENTIA OBSERVATORY EI,20000202,20,99,73
GHCND:EI000003953,VALENTIA OBSERVATORY EI,20000203,66,113,71
GHCND:EI000003953,VALENTIA OBSERVATORY EI,20000204,26,116,93
GHCND:EI000003953,VALENTIA OBSERVATORY EI,20000205,51,115,97
GHCND:EI000003953,VALENTIA OBSERVATORY EI,20000206,179,121,74
GHCND:EI000003953,VALENTIA OBSERVATORY EI,20000207,85,125,67
GHCND:EI000003953,VALENTIA OBSERVATORY EI,20000208,10,102,75
GHCND:EI000003953,VALENTIA OBSERVATORY EI,20000209,118,120,59
GHCND:EI000003953,VALENTIA OBSERVATORY EI,20000210,27,86,36
GHCND:EI000003953,VALENTIA OBSERVATORY EI,20000211,67,116,48
GHCND:EI000003953,VALENTIA OBSERVATORY EI,20000212,18,90,52
GHCND:EI000003953,VALENTIA OBSERVATORY EI,20000213,104,120,51
GHCND:EI000003953,VALENTIA OBSERVATORY EI,20000214,45,115,54
GHCND:EI000003953,VALENTIA OBSERVATORY EI,20000215,91,85,55
GHCND:EI000003953,VALENTIA OBSERVATORY EI,20000216,45,89,14
GHCND:EI000003953,VALENTIA OBSERVATORY EI,20000217,20,121,35
GHCND:EI000003953,VALENTIA OBSERVATORY EI,20000218,15,96,80
GHCND:EI000003953,VALENTIA OBSERVATORY EI,20000219,39,112,46
GHCND:EI000003953,VALENTIA OBSERVATORY EI,20000220,92,108,49
GHCND:EI000003953,VALENTIA OBSERVATORY EI,20000221,168,99,27
GHCND:EI000003953,VALENTIA OBSERVATORY EI,20000222,23,119,42
GHCND:EI000003953,VALENTIA OBSERVATORY EI,20000223,29,130,89
GHCND:EI000003953,VALENTIA OBSERVATORY EI,20000224,58,84,55
GHCND:EI000003953,VALENTIA OBSERVATORY EI,20000225,2,102,47
GHCND:EI000003953,VALENTIA OBSERVATORY EI,20000226,288,118,56
GHCND:EI000003953,VALENTIA OBSERVATORY EI,20000227,55,90,74
GHCND:EI000003953,VALENTIA OBSERVATORY EI,20000228,94,91,48
GHCND:EI000003953,VALENTIA OBSERVATORY EI,20000229,45,113,50
GHCND:EI000003953,VALENTIA OBSERVATORY EI,20000301,21,102,49
GHCND:EI000003953,VALENTIA OBSERVATORY EI,20000302,98,119,53
GHCND:EI000003953,VALENTIA OBSERVATORY EI,20000303,0,103,65
GHCND:EI000003953,VALENTIA OBSERVATORY EI,20000304,0,96,-8
GHCND:EI000003953,VALENTIA OBSERVATORY EI,20000305,24,110,-6
GHCND:EI000003953,VALENTIA OBSERVATORY EI,20000306,52,131,88
GHCND:EI000003953,VALENTIA OBSERVATORY EI,20000307,39,125,103
GHCND:EI000003953,VALENTIA OBSERVATORY EI,20000308,3,126,111
GHCND:EI000003953,VALENTIA OBSERVATORY EI,20000309,0,117,107
GHCND:EI000003953,VALENTIA OBSERVATORY EI,20000310,3,129,86
GHCND:EI000003953,VALENTIA OBSERVATORY EI,20000311,0,111,87
GHCND:EI000003953,VALENTIA OBSERVATORY EI,20000312,0,122,64
GHCND:EI000003953,VALENTIA OBSERVATORY EI,20000313,1,147,59
GHCND:EI000003953,VALENTIA OBSERVATORY EI,20000314,0,106,88
GHCND:EI000003953,VALENTIA OBSERVATORY EI,20000315,3,103,36
GHCND:EI000003953,VALENTIA OBSERVATORY EI,20000316,0,98,71
GHCND:EI000003953,VALENTIA OBSERVATORY EI,20000317,0,103,79
GHCND:EI000003953,VALENTIA OBSERVATORY EI,20000318,0,114,79
GHCND:EI000003953,VALENTIA OBSERVATORY EI,20000319,0,128,71
GHCND:EI000003953,VALENTIA OBSERVATORY EI,20000320,0,136,25
GHCND:EI000003953,VALENTIA OBSERVATORY EI,20000321,0,109,51
GHCND:EI000003953,VALENTIA OBSERVATORY EI,20000322,0,110,34
GHCND:EI000003953,VALENTIA OBSERVATORY EI,20000323,42,109,21
GHCND:EI000003953,VALENTIA OBSERVATORY EI,20000324,94,102,44
GHCND:EI000003953,VALENTIA OBSERVATORY EI,20000325,9,98,26
GHCND:EI000003953,VALENTIA OBSERVATORY EI,20000326,1,109,50
GHCND:EI000003953,VALENTIA OBSERVATORY EI,20000327,0,130,21
GHCND:EI000003953,VALENTIA OBSERVATORY EI,20000328,0,120,15
GHCND:EI000003953,VALENTIA OBSERVATORY EI,20000329,0,106,-5
GHCND:EI000003953,VALENTIA OBSERVATORY EI,20000330,0,114,9
GHCND:EI000003953,VALENTIA OBSERVATORY EI,20000331,21,91,53
GHCND:EI000003953,VALENTIA OBSERVATORY EI,20000401,0,106,35
GHCND:EI000003953,VALENTIA OBSERVATORY EI,20000402,15,94,17
GHCND:EI000003953,VALENTIA OBSERVATORY EI,20000403,0,75,20
GHCND:EI000003953,VALENTIA OBSERVATORY EI,20000404,0,80,26
GHCND:EI000003953,VALENTIA OBSERVATORY EI,20000405,0,102,-15
GHCND:EI000003953,VALENTIA OBSERVATORY EI,20000406,0,122,54
GHCND:EI000003953,VALENTIA OBSERVATORY EI,20000407,0,111,67
GHCND:EI000003953,VALENTIA OBSERVATORY EI,20000408,0,129,11
GHCND:EI000003953,VALENTIA OBSERVATORY EI,20000409,0,133,69
GHCND:EI000003953,VALENTIA OBSERVATORY EI,20000410,35,108,48
GHCND:EI000003953,VALENTIA OBSERVATORY EI,20000411,58,80,34
GHCND:EI000003953,VALENTIA OBSERVATORY EI,20000412,5,93,30
GHCND:EI000003953,VALENTIA OBSERVATORY EI,20000413,1,88,48
GHCND:EI000003953,VALENTIA OBSERVATORY EI,20000414,3,101,42
GHCND:EI000003953,VALENTIA OBSERVATORY EI,20000415,102,87,34
GHCND:EI000003953,VALENTIA OBSERVATORY EI,20000416,5,106,45
GHCND:EI000003953,VALENTIA OBSERVATORY EI,20000417,66,123,20
GHCND:EI000003953,VALENTIA OBSERVATORY EI,20000418,4,112,7
GHCND:EI000003953,VALENTIA OBSERVATORY EI,20000419,80,135,43
GHCND:EI000003953,VALENTIA OBSERVATORY EI,20000420,16,132,86
GHCND:EI000003953,VALENTIA OBSERVATORY EI,20000421,66,135,95
GHCND:EI000003953,VALENTIA OBSERVATORY EI,20000422,17,132,66
GHCND:EI000003953,VALENTIA OBSERVATORY EI,20000423,155,125,83
GHCND:EI000003953,VALENTIA OBSERVATORY EI,20000424,13,139,90
GHCND:EI000003953,VALENTIA OBSERVATORY EI,20000425,22,93,83
GHCND:EI000003953,VALENTIA OBSERVATORY EI,20000426,53,85,64
GHCND:EI000003953,VALENTIA OBSERVATORY EI,20000427,0,98,52
GHCND:EI000003953,VALENTIA OBSERVATORY EI,20000428,0,124,48
GHCND:EI000003953,VALENTIA OBSERVATORY EI,20000429,48,146,69
GHCND:EI000003953,VALENTIA OBSERVATORY EI,20000430,0,171,102
GHCND:EI000003953,VALENTIA OBSERVATORY EI,20000501,0,192,111
GHCND:EI000003953,VALENTIA OBSERVATORY EI,20000502,0,189,66
GHCND:EI000003953,VALENTIA OBSERVATORY EI,20000503,0,195,89
GHCND:EI000003953,VALENTIA OBSERVATORY EI,20000504,0,157,72
GHCND:EI000003953,VALENTIA OBSERVATORY EI,20000505,52,155,90
GHCND:EI000003953,VALENTIA OBSERVATORY EI,20000506,11,162,109
GHCND:EI000003953,VALENTIA OBSERVATORY EI,20000507,5,198,90
GHCND:EI000003953,VALENTIA OBSERVATORY EI,20000508,58,179,107
GHCND:EI000003953,VALENTIA OBSERVATORY EI,20000509,0,187,97
GHCND:EI000003953,VALENTIA OBSERVATORY EI,20000510,0,229,102
GHCND:EI000003953,VALENTIA OBSERVATORY EI,20000511,110,200,115
GHCND:EI000003953,VALENTIA OBSERVATORY EI,20000512,15,146,106
GHCND:EI000003953,VALENTIA OBSERVATORY EI,20000513,51,165,114
GHCND:EI000003953,VALENTIA OBSERVATORY EI,20000514,7,161,110
GHCND:EI000003953,VALENTIA OBSERVATORY EI,20000515,159,144,103
GHCND:EI000003953,VALENTIA OBSERVATORY EI,20000516,67,119,93
GHCND:EI000003953,VALENTIA OBSERVATORY EI,20000517,23,126,90
GHCND:EI000003953,VALENTIA OBSERVATORY EI,20000518,7,121,86
GHCND:EI000003953,VALENTIA OBSERVATORY EI,20000519,72,131,86
GHCND:EI000003953,VALENTIA OBSERVATORY EI,20000520,19,130,95
GHCND:EI000003953,VALENTIA OBSERVATORY EI,20000521,11,141,92
GHCND:EI000003953,VALENTIA OBSERVATORY EI,20000522,245,138,67
GHCND:EI000003953,VALENTIA OBSERVATORY EI,20000523,5,132,92
GHCND:EI000003953,VALENTIA OBSERVATORY EI,20000524,7,138,80
GHCND:EI000003953,VALENTIA OBSERVATORY EI,20000525,9,124,82
GHCND:EI000003953,VALENTIA OBSERVATORY EI,20000526,97,125,50
GHCND:EI000003953,VALENTIA OBSERVATORY EI,20000527,66,118,62
GHCND:EI000003953,VALENTIA OBSERVATORY EI,20000528,0,130,68
GHCND:EI000003953,VALENTIA OBSERVATORY EI,20000529,2,142,56
GHCND:EI000003953,VALENTIA OBSERVATORY EI,20000530,0,149,90
GHCND:EI000003953,VALENTIA OBSERVATORY EI,20000531,234,141,56
GHCND:EI000003953,VALENTIA OBSERVATORY EI,20000601,50,161,98
GHCND:EI000003953,VALENTIA OBSERVATORY EI,20000602,1,163,116
GHCND:EI000003953,VALENTIA OBSERVATORY EI,20000603,42,160,112
GHCND:EI000003953,VALENTIA OBSERVATORY EI,20000604,0,151,98
GHCND:EI000003953,VALENTIA OBSERVATORY EI,20000605,22,156,77
GHCND:EI000003953,VALENTIA OBSERVATORY EI,20000606,0,148,111
GHCND:EI000003953,VALENTIA OBSERVATORY EI,20000607,288,135,100
GHCND:EI000003953,VALENTIA OBSERVATORY EI,20000608,0,137,98
GHCND:EI000003953,VALENTIA OBSERVATORY EI,20000609,8,141,74
GHCND:EI000003953,VALENTIA OBSERVATORY EI,20000610,13,150,83
GHCND:EI000003953,VALENTIA OBSERVATORY EI,20000611,18,145,102
GHCND:EI000003953,VALENTIA OBSERVATORY EI,20000612,2,157,121
GHCND:EI000003953,VALENTIA OBSERVATORY EI,20000613,119,162,120
GHCND:EI000003953,VALENTIA OBSERVATORY EI,20000614,31,156,112
GHCND:EI000003953,VALENTIA OBSERVATORY EI,20000615,0,191,132
GHCND:EI000003953,VALENTIA OBSERVATORY EI,20000616,2,212,102
GHCND:EI000003953,VALENTIA OBSERVATORY EI,20000617,0,168,132
GHCND:EI000003953,VALENTIA OBSERVATORY EI,20000618,0,255,116
GHCND:EI000003953,VALENTIA OBSERVATORY EI,20000619,34,172,135
GHCND:EI000003953,VALENTIA OBSERVATORY EI,20000620,155,155,134
GHCND:EI000003953,VALENTIA OBSERVATORY EI,20000621,122,139,111
GHCND:EI000003953,VALENTIA OBSERVATORY EI,20000622,14,157,112
GHCND:EI000003953,VALENTIA OBSERVATORY EI,20000623,22,141,110
GHCND:EI000003953,VALENTIA OBSERVATORY EI,20000624,0,167,95
GHCND:EI000003953,VALENTIA OBSERVATORY EI,20000625,0,163,75
GHCND:EI000003953,VALENTIA OBSERVATORY EI,20000626,0,181,94
GHCND:EI000003953,VALENTIA OBSERVATORY EI,20000627,0,214,103
GHCND:EI000003953,VALENTIA OBSERVATORY EI,20000628,0,203,138
GHCND:EI000003953,VALENTIA OBSERVATORY EI,20000629,0,194,147
GHCND:EI000003953,VALENTIA OBSERVATORY EI,20000630,32,185,125
GHCND:EI000003953,VALENTIA OBSERVATORY EI,20000701,0,192,138
GHCND:EI000003953,VALENTIA OBSERVATORY EI,20000702,66,197,134
GHCND:EI000003953,VALENTIA OBSERVATORY EI,20000703,112,196,134
GHCND:EI000003953,VALENTIA OBSERVATORY EI,20000704,0,200,106
GHCND:EI000003953,VALENTIA OBSERVATORY EI,20000705,1,195,135
GHCND:EI000003953,VALENTIA OBSERVATORY EI,20000706,0,186,128
GHCND:EI000003953,VALENTIA OBSERVATORY EI,20000707,13,161,106
GHCND:EI000003953,VALENTIA OBSERVATORY EI,20000708,259,147,125
GHCND:EI000003953,VALENTIA OBSERVATORY EI,20000709,29,147,120
GHCND:EI000003953,VALENTIA OBSERVATORY EI,20000710,3,150,111
GHCND:EI000003953,VALENTIA OBSERVATORY EI,20000711,11,153,110
GHCND:EI000003953,VALENTIA OBSERVATORY EI,20000712,12,167,123
GHCND:EI000003953,VALENTIA OBSERVATORY EI,20000713,9,154,132
GHCND:EI000003953,VALENTIA OBSERVATORY EI,20000714,53,150,135
GHCND:EI000003953,VALENTIA OBSERVATORY EI,20000715,0,170,134
GHCND:EI000003953,VALENTIA OBSERVATORY EI,20000716,0,173,139
GHCND:EI000003953,VALENTIA OBSERVATORY EI,20000717,0,184,144
GHCND:EI000003953,VALENTIA OBSERVATORY EI,20000718,0,185,97
GHCND:EI000003953,VALENTIA OBSERVATORY EI,20000719,0,185,107
GHCND:EI000003953,VALENTIA OBSERVATORY EI,20000720,0,207,105
GHCND:EI000003953,VALENTIA OBSERVATORY EI,20000721,0,225,104
GHCND:EI000003953,VALENTIA OBSERVATORY EI,20000722,0,261,130
GHCND:EI000003953,VALENTIA OBSERVATORY EI,20000723,0,211,168
GHCND:EI000003953,VALENTIA OBSERVATORY EI,20000724,0,190,127
GHCND:EI000003953,VALENTIA OBSERVATORY EI,20000725,4,190,109
GHCND:EI000003953,VALENTIA OBSERVATORY EI,20000726,44,171,140
GHCND:EI000003953,VALENTIA OBSERVATORY EI,20000727,24,192,147
GHCND:EI000003953,VALENTIA OBSERVATORY EI,20000728,18,191,139
GHCND:EI000003953,VALENTIA OBSERVATORY EI,20000729,22,190,152
GHCND:EI000003953,VALENTIA OBSERVATORY EI,20000730,111,181,146
GHCND:EI000003953,VALENTIA OBSERVATORY EI,20000731,33,185,155
GHCND:EI000003953,VALENTIA OBSERVATORY EI,20000801,126,176,134
GHCND:EI000003953,VALENTIA OBSERVATORY EI,20000802,45,177,142
GHCND:EI000003953,VALENTIA OBSERVATORY EI,20000803,7,165,128
GHCND:EI000003953,VALENTIA OBSERVATORY EI,20000804,54,161,131
GHCND:EI000003953,VALENTIA OBSERVATORY EI,20000805,15,170,148
GHCND:EI000003953,VALENTIA OBSERVATORY EI,20000806,33,182,153
GHCND:EI000003953,VALENTIA OBSERVATORY EI,20000807,13,187,150
GHCND:EI000003953,VALENTIA OBSERVATORY EI,20000808,108,181,152
GHCND:EI000003953,VALENTIA OBSERVATORY EI,20000809,15,169,152
GHCND:EI000003953,VALENTIA OBSERVATORY EI,20000810,1,182,135
GHCND:EI000003953,VALENTIA OBSERVATORY EI,20000811,59,197,139
GHCND:EI000003953,VALENTIA OBSERVATORY EI,20000812,32,200,143
GHCND:EI000003953,VALENTIA OBSERVATORY EI,20000813,46,186,150
GHCND:EI000003953,VALENTIA OBSERVATORY EI,20000814,54,187,142
GHCND:EI000003953,VALENTIA OBSERVATORY EI,20000815,7,187,132
GHCND:EI000003953,VALENTIA OBSERVATORY EI,20000816,45,185,136
GHCND:EI000003953,VALENTIA OBSERVATORY EI,20000817,6,180,115
GHCND:EI000003953,VALENTIA OBSERVATORY EI,20000818,24,170,82
GHCND:EI000003953,VALENTIA OBSERVATORY EI,20000819,10,172,73
GHCND:EI000003953,VALENTIA OBSERVATORY EI,20000820,20,173,96
GHCND:EI000003953,VALENTIA OBSERVATORY EI,20000821,19,164,112
GHCND:EI000003953,VALENTIA OBSERVATORY EI,20000822,0,192,131
GHCND:EI000003953,VALENTIA OBSERVATORY EI,20000823,0,235,136
GHCND:EI000003953,VALENTIA OBSERVATORY EI,20000824,0,237,87
GHCND:EI000003953,VALENTIA OBSERVATORY EI,20000825,23,186,105
GHCND:EI000003953,VALENTIA OBSERVATORY EI,20000826,17,179,125
GHCND:EI000003953,VALENTIA OBSERVATORY EI,20000827,15,170,116
GHCND:EI000003953,VALENTIA OBSERVATORY EI,20000828,4,186,86
GHCND:EI000003953,VALENTIA OBSERVATORY EI,20000829,0,202,139
GHCND:EI000003953,VALENTIA OBSERVATORY EI,20000830,78,194,117
GHCND:EI000003953,VALENTIA OBSERVATORY EI,20000831,43,170,135
GHCND:EI000003953,VALENTIA OBSERVATORY EI,20000901,17,177,128
GHCND:EI000003953,VALENTIA OBSERVATORY EI,20000902,0,180,140
GHCND:EI000003953,VALENTIA OBSERVATORY EI,20000903,31,192,82
GHCND:EI000003953,VALENTIA OBSERVATORY EI,20000904,50,168,131
GHCND:EI000003953,VALENTIA OBSERVATORY EI,20000905,43,176,134
GHCND:EI000003953,VALENTIA OBSERVATORY EI,20000906,74,175,131
GHCND:EI000003953,VALENTIA OBSERVATORY EI,20000907,16,177,128
GHCND:EI000003953,VALENTIA OBSERVATORY EI,20000908,11,177,132
GHCND:EI000003953,VALENTIA OBSERVATORY EI,20000909,55,180,113
GHCND:EI000003953,VALENTIA OBSERVATORY EI,20000910,5,203,143
GHCND:EI000003953,VALENTIA OBSERVATORY EI,20000911,10,170,141
GHCND:EI000003953,VALENTIA OBSERVATORY EI,20000912,34,164,130
GHCND:EI000003953,VALENTIA OBSERVATORY EI,20000913,124,175,110
GHCND:EI000003953,VALENTIA OBSERVATORY EI,20000914,13,176,104
GHCND:EI000003953,VALENTIA OBSERVATORY EI,20000915,1,167,108
GHCND:EI000003953,VALENTIA OBSERVATORY EI,20000916,22,166,121
GHCND:EI000003953,VALENTIA OBSERVATORY EI,20000917,135,159,138
GHCND:EI000003953,VALENTIA OBSERVATORY EI,20000918,13,146,99
GHCND:EI000003953,VALENTIA OBSERVATORY EI,20000919,19,136,65
GHCND:EI000003953,VALENTIA OBSERVATORY EI,20000920,59,141,98
GHCND:EI000003953,VALENTIA OBSERVATORY EI,20000921,19,162,100
GHCND:EI000003953,VALENTIA OBSERVATORY EI,20000922,99,172,120
GHCND:EI000003953,VALENTIA OBSERVATORY EI,20000923,25,162,139
GHCND:EI000003953,VALENTIA OBSERVATORY EI,20000924,0,165,105
GHCND:EI000003953,VALENTIA OBSERVATORY EI,20000925,18,174,116
GHCND:EI000003953,VALENTIA OBSERVATORY EI,20000926,287,162,136
GHCND:EI000003953,VALENTIA OBSERVATORY EI,20000927,148,161,130
GHCND:EI000003953,VALENTIA OBSERVATORY EI,20000928,131,152,91
GHCND:EI000003953,VALENTIA OBSERVATORY EI,20000929,34,146,100
GHCND:EI000003953,VALENTIA OBSERVATORY EI,20000930,75,156,115
GHCND:EI000003953,VALENTIA OBSERVATORY EI,20001001,57,140,76
GHCND:EI000003953,VALENTIA OBSERVATORY EI,20001002,94,162,104
GHCND:EI000003953,VALENTIA OBSERVATORY EI,20001003,62,162,107
GHCND:EI000003953,VALENTIA OBSERVATORY EI,20001004,173,133,100
GHCND:EI000003953,VALENTIA OBSERVATORY EI,20001005,0,140,85
GHCND:EI000003953,VALENTIA OBSERVATORY EI,20001006,18,150,70
GHCND:EI000003953,VALENTIA OBSERVATORY EI,20001007,7,146,122
GHCND:EI000003953,VALENTIA OBSERVATORY EI,20001008,143,130,87
GHCND:EI000003953,VALENTIA OBSERVATORY EI,20001009,56,122,91
GHCND:EI000003953,VALENTIA OBSERVATORY EI,20001010,84,114,74
GHCND:EI000003953,VALENTIA OBSERVATORY EI,20001011,97,127,60
GHCND:EI000003953,VALENTIA OBSERVATORY EI,20001012,20,132,95
GHCND:EI000003953,VALENTIA OBSERVATORY EI,20001013,169,134,85
GHCND:EI000003953,VALENTIA OBSERVATORY EI,20001014,0,152,84
GHCND:EI000003953,VALENTIA OBSERVATORY EI,20001015,71,139,99
GHCND:EI000003953,VALENTIA OBSERVATORY EI,20001016,36,124,85
GHCND:EI000003953,VALENTIA OBSERVATORY EI,20001017,299,151,85
GHCND:EI000003953,VALENTIA OBSERVATORY EI,20001018,45,132,100
GHCND:EI000003953,VALENTIA OBSERVATORY EI,20001019,143,135,73
GHCND:EI000003953,VALENTIA OBSERVATORY EI,20001020,0,120,72
GHCND:EI000003953,VALENTIA OBSERVATORY EI,20001021,99,124,18
GHCND:EI000003953,VALENTIA OBSERVATORY EI,20001022,244,131,50
GHCND:EI000003953,VALENTIA OBSERVATORY EI,20001023,17,130,96
GHCND:EI000003953,VALENTIA OBSERVATORY EI,20001024,161,132,101
GHCND:EI000003953,VALENTIA OBSERVATORY EI,20001025,5,126,97
GHCND:EI000003953,VALENTIA OBSERVATORY EI,20001026,374,142,83
GHCND:EI000003953,VALENTIA OBSERVATORY EI,20001027,37,142,86
GHCND:EI000003953,VALENTIA OBSERVATORY EI,20001028,95,104,88
GHCND:EI000003953,VALENTIA OBSERVATORY EI,20001029,313,100,73
GHCND:EI000003953,VALENTIA OBSERVATORY EI,20001030,59,114,57
GHCND:EI000003953,VALENTIA OBSERVATORY EI,20001031,46,108,85
GHCND:EI000003953,VALENTIA OBSERVATORY EI,20001101,122,111,65
GHCND:EI000003953,VALENTIA OBSERVATORY EI,20001102,58,96,56
GHCND:EI000003953,VALENTIA OBSERVATORY EI,20001103,6,104,64
GHCND:EI000003953,VALENTIA OBSERVATORY EI,20001104,159,107,59
GHCND:EI000003953,VALENTIA OBSERVATORY EI,20001105,231,113,47
GHCND:EI000003953,VALENTIA OBSERVATORY EI,20001106,65,102,55
GHCND:EI000003953,VALENTIA OBSERVATORY EI,20001107,38,106,65
GHCND:EI000003953,VALENTIA OBSERVATORY EI,20001108,24,99,72
GHCND:EI000003953,VALENTIA OBSERVATORY EI,20001109,39,99,54
GHCND:EI000003953,VALENTIA OBSERVATORY EI,20001110,93,119,29
GHCND:EI000003953,VALENTIA OBSERVATORY EI,20001111,45,106,66
GHCND:EI000003953,VALENTIA OBSERVATORY EI,20001112,75,100,69
GHCND:EI000003953,VALENTIA OBSERVATORY EI,20001113,90,95,55
GHCND:EI000003953,VALENTIA OBSERVATORY EI,20001114,30,95,65
GHCND:EI000003953,VALENTIA OBSERVATORY EI,20001115,102,111,47
GHCND:EI000003953,VALENTIA OBSERVATORY EI,20001116,18,97,66
GHCND:EI000003953,VALENTIA OBSERVATORY EI,20001117,27,111,46
GHCND:EI000003953,VALENTIA OBSERVATORY EI,20001118,55,116,86
GHCND:EI000003953,VALENTIA OBSERVATORY EI,20001119,47,97,70
GHCND:EI000003953,VALENTIA OBSERVATORY EI,20001120,20,92,56
GHCND:EI000003953,VALENTIA OBSERVATORY EI,20001121,105,90,40
GHCND:EI000003953,VALENTIA OBSERVATORY EI,20001122,9,99,39
GHCND:EI000003953,VALENTIA OBSERVATORY EI,20001123,66,104,29
GHCND:EI000003953,VALENTIA OBSERVATORY EI,20001124,127,115,45
GHCND:EI000003953,VALENTIA OBSERVATORY EI,20001125,201,91,65
GHCND:EI000003953,VALENTIA OBSERVATORY EI,20001126,54,103,60
GHCND:EI000003953,VALENTIA OBSERVATORY EI,20001127,74,125,69
GHCND:EI000003953,VALENTIA OBSERVATORY EI,20001128,220,143,91
GHCND:EI000003953,VALENTIA OBSERVATORY EI,20001129,103,119,91
GHCND:EI000003953,VALENTIA OBSERVATORY EI,20001130,388,129,67
GHCND:EI000003953,VALENTIA OBSERVATORY EI,20001201,128,111,95
GHCND:EI000003953,VALENTIA OBSERVATORY EI,20001202,45,108,82
GHCND:EI000003953,VALENTIA OBSERVATORY EI,20001203,196,122,71
GHCND:EI000003953,VALENTIA OBSERVATORY EI,20001204,122,125,92
GHCND:EI000003953,VALENTIA OBSERVATORY EI,20001205,22,114,95
GHCND:EI000003953,VALENTIA OBSERVATORY EI,20001206,32,118,84
GHCND:EI000003953,VALENTIA OBSERVATORY EI,20001207,46,112,90
GHCND:EI000003953,VALENTIA OBSERVATORY EI,20001208,24,101,75
GHCND:EI000003953,VALENTIA OBSERVATORY EI,20001209,130,109,71
GHCND:EI000003953,VALENTIA OBSERVATORY EI,20001210,119,131,64
GHCND:EI000003953,VALENTIA OBSERVATORY EI,20001211,13,126,61
GHCND:EI000003953,VALENTIA OBSERVATORY EI,20001212,201,125,90
GHCND:EI000003953,VALENTIA OBSERVATORY EI,20001213,40,96,63
GHCND:EI000003953,VALENTIA OBSERVATORY EI,20001214,21,85,47
GHCND:EI000003953,VALENTIA OBSERVATORY EI,20001215,63,84,11
GHCND:EI000003953,VALENTIA OBSERVATORY EI,20001216,46,82,8
GHCND:EI000003953,VALENTIA OBSERVATORY EI,20001217,183,94,16
GHCND:EI000003953,VALENTIA OBSERVATORY EI,20001218,107,111,43
GHCND:EI000003953,VALENTIA OBSERVATORY EI,20001219,33,95,59
GHCND:EI000003953,VALENTIA OBSERVATORY EI,20001220,8,123,16
GHCND:EI000003953,VALENTIA OBSERVATORY EI,20001221,0,118,21
GHCND:EI000003953,VALENTIA OBSERVATORY EI,20001222,0,110,95
GHCND:EI000003953,VALENTIA OBSERVATORY EI,20001223,48,110,92
GHCND:EI000003953,VALENTIA OBSERVATORY EI,20001224,21,84,71
GHCND:EI000003953,VALENTIA OBSERVATORY EI,20001225,0,48,31
GHCND:EI000003953,VALENTIA OBSERVATORY EI,20001226,1,39,16
GHCND:EI000003953,VALENTIA OBSERVATORY EI,20001227,37,57,-29
GHCND:EI000003953,VALENTIA OBSERVATORY EI,20001228,43,65,-26
GHCND:EI000003953,VALENTIA OBSERVATORY EI,20001229,9,57,-9
GHCND:EI000003953,VALENTIA OBSERVATORY EI,20001230,273,100,-26
GHCND:EI000003953,VALENTIA OBSERVATORY EI,20001231,317,118,-22
GHCND:EI000003953,VALENTIA OBSERVATORY EI,20010101,109,105,73
GHCND:EI000003953,VALENTIA OBSERVATORY EI,20010102,14,84,56
GHCND:EI000003953,VALENTIA OBSERVATORY EI,20010103,104,100,35
GHCND:EI000003953,VALENTIA OBSERVATORY EI,20010104,1,102,39
GHCND:EI000003953,VALENTIA OBSERVATORY EI,20010105,27,83,-5
GHCND:EI000003953,VALENTIA OBSERVATORY EI,20010106,23,85,0
GHCND:EI000003953,VALENTIA OBSERVATORY EI,20010107,16,81,47
GHCND:EI000003953,VALENTIA OBSERVATORY EI,20010108,22,77,11
GHCND:EI000003953,VALENTIA OBSERVATORY EI,20010109,0,81,14
GHCND:EI000003953,VALENTIA OBSERVATORY EI,20010110,0,55,23
GHCND:EI000003953,VALENTIA OBSERVATORY EI,20010111,0,65,18
GHCND:EI000003953,VALENTIA OBSERVATORY EI,20010112,0,85,22
GHCND:EI000003953,VALENTIA OBSERVATORY EI,20010113,4,82,57
GHCND:EI000003953,VALENTIA OBSERVATORY EI,20010114,0,84,10
GHCND:EI000003953,VALENTIA OBSERVATORY EI,20010115,0,69,36
GHCND:EI000003953,VALENTIA OBSERVATORY EI,20010116,0,65,5
GHCND:EI000003953,VALENTIA OBSERVATORY EI,20010117,1,78,4
GHCND:EI000003953,VALENTIA OBSERVATORY EI,20010118,0,86,36
GHCND:EI000003953,VALENTIA OBSERVATORY EI,20010119,5,88,4
GHCND:EI000003953,VALENTIA OBSERVATORY EI,20010120,178,96,50
GHCND:EI000003953,VALENTIA OBSERVATORY EI,20010121,188,112,56
GHCND:EI000003953,VALENTIA OBSERVATORY EI,20010122,152,101,45
GHCND:EI000003953,VALENTIA OBSERVATORY EI,20010123,113,116,67
GHCND:EI000003953,VALENTIA OBSERVATORY EI,20010124,29,83,46
GHCND:EI000003953,VALENTIA OBSERVATORY EI,20010125,92,90,29
GHCND:EI000003953,VALENTIA OBSERVATORY EI,20010126,22,73,13
GHCND:EI000003953,VALENTIA OBSERVATORY EI,20010127,83,72,35
GHCND:EI000003953,VALENTIA OBSERVATORY EI,20010128,0,82,32
GHCND:EI000003953,VALENTIA OBSERVATORY EI,20010129,67,108,6
GHCND:EI000003953,VALENTIA OBSERVATORY EI,20010130,2,103,34
GHCND:EI000003953,VALENTIA OBSERVATORY EI,20010131,36,112,72
GHCND:EI000003953,VALENTIA OBSERVATORY EI,20010201,16,120,70
GHCND:EI000003953,VALENTIA OBSERVATORY EI,20010202,54,105,35
GHCND:EI000003953,VALENTIA OBSERVATORY EI,20010203,226,102,50
GHCND:EI000003953,VALENTIA OBSERVATORY EI,20010204,68,108,52
GHCND:EI000003953,VALENTIA OBSERVATORY EI,20010205,108,117,53
GHCND:EI000003953,VALENTIA OBSERVATORY EI,20010206,91,95,71
GHCND:EI000003953,VALENTIA OBSERVATORY EI,20010207,0,85,30
GHCND:EI000003953,VALENTIA OBSERVATORY EI,20010208,0,70,11
GHCND:EI000003953,VALENTIA OBSERVATORY EI,20010209,240,118,-13
GHCND:EI000003953,VALENTIA OBSERVATORY EI,20010210,36,127,51
GHCND:EI000003953,VALENTIA OBSERVATORY EI,20010211,141,107,94
GHCND:EI000003953,VALENTIA OBSERVATORY EI,20010212,0,105,56
GHCND:EI000003953,VALENTIA OBSERVATORY EI,20010213,0,92,11
GHCND:EI000003953,VALENTIA OBSERVATORY EI,20010214,27,98,70
GHCND:EI000003953,VALENTIA OBSERVATORY EI,20010215,0,102,69
GHCND:EI000003953,VALENTIA OBSERVATORY EI,20010216,0,102,0
GHCND:EI000003953,VALENTIA OBSERVATORY EI,20010217,0,101,18
GHCND:EI000003953,VALENTIA OBSERVATORY EI,20010218,0,95,70
GHCND:EI000003953,VALENTIA OBSERVATORY EI,20010219,3,103,73
GHCND:EI000003953,VALENTIA OBSERVATORY EI,20010220,8,108,85
GHCND:EI000003953,VALENTIA OBSERVATORY EI,20010221,12,110,36
GHCND:EI000003953,VALENTIA OBSERVATORY EI,20010222,0,109,77
GHCND:EI000003953,VALENTIA OBSERVATORY EI,20010223,2,89,79
GHCND:EI000003953,VALENTIA OBSERVATORY EI,20010224,0,73,8
GHCND:EI000003953,VALENTIA OBSERVATORY EI,20010225,117,88,-16
GHCND:EI000003953,VALENTIA OBSERVATORY EI,20010226,51,70,0
GHCND:EI000003953,VALENTIA OBSERVATORY EI,20010227,2,61,0
GHCND:EI000003953,VALENTIA OBSERVATORY EI,20010228,0,52,-7
GHCND:EI000003953,VALENTIA OBSERVATORY EI,20010301,0,66,-27
GHCND:EI000003953,VALENTIA OBSERVATORY EI,20010302,0,70,-6
GHCND:EI000003953,VALENTIA OBSERVATORY EI,20010303,0,70,-40
GHCND:EI000003953,VALENTIA OBSERVATORY EI,20010304,38,77,-31
GHCND:EI000003953,VALENTIA OBSERVATORY EI,20010305,17,118,15
GHCND:EI000003953,VALENTIA OBSERVATORY EI,20010306,333,134,64
GHCND:EI000003953,VALENTIA OBSERVATORY EI,20010307,94,110,77
GHCND:EI000003953,VALENTIA OBSERVATORY EI,20010308,27,123,71
GHCND:EI000003953,VALENTIA OBSERVATORY EI,20010309,59,120,87
GHCND:EI000003953,VALENTIA OBSERVATORY EI,20010310,41,120,97
GHCND:EI000003953,VALENTIA OBSERVATORY EI,20010311,42,94,59
GHCND:EI000003953,VALENTIA OBSERVATORY EI,20010312,30,93,34
GHCND:EI000003953,VALENTIA OBSERVATORY EI,20010313,18,105,50
GHCND:EI000003953,VALENTIA OBSERVATORY EI,20010314,74,104,59
GHCND:EI000003953,VALENTIA OBSERVATORY EI,20010315,113,109,55
GHCND:EI000003953,VALENTIA OBSERVATORY EI,20010316,44,117,68
GHCND:EI000003953,VALENTIA OBSERVATORY EI,20010317,0,81,41
GHCND:EI000003953,VALENTIA OBSERVATORY EI,20010318,0,80,27
GHCND:EI000003953,VALENTIA OBSERVATORY EI,20010319,0,76,38
GHCND:EI000003953,VALENTIA OBSERVATORY EI,20010320,35,80,49
GHCND:EI000003953,VALENTIA OBSERVATORY EI,20010321,0,100,49
GHCND:EI000003953,VALENTIA OBSERVATORY EI,20010322,26,128,55
GHCND:EI000003953,VALENTIA OBSERVATORY EI,20010323,14,138,66
GHCND:EI000003953,VALENTIA OBSERVATORY EI,20010324,0,145,79
GHCND:EI000003953,VALENTIA OBSERVATORY EI,20010325,22,120,88
GHCND:EI000003953,VALENTIA OBSERVATORY EI,20010326,146,104,70
GHCND:EI000003953,VALENTIA OBSERVATORY EI,20010327,15,116,56
GHCND:EI000003953,VALENTIA OBSERVATORY EI,20010328,27,103,34
GHCND:EI000003953,VALENTIA OBSERVATORY EI,20010329,11,100,62
GHCND:EI000003953,VALENTIA OBSERVATORY EI,20010330,75,121,44
GHCND:EI000003953,VALENTIA OBSERVATORY EI,20010331,14,129,64
GHCND:EI000003953,VALENTIA OBSERVATORY EI,20010401,58,122,65
GHCND:EI000003953,VALENTIA OBSERVATORY EI,20010402,19,106,80
GHCND:EI000003953,VALENTIA OBSERVATORY EI,20010403,36,109,24
GHCND:EI000003953,VALENTIA OBSERVATORY EI,20010404,163,120,41
GHCND:EI000003953,VALENTIA OBSERVATORY EI,20010405,76,132,63
GHCND:FR069029001,BRON LYON AEROPORT FR,20130120,20,101,-9999
GHCND:FR069029001,BRON LYON AEROPORT FR,20130121,33,69,-13
GHCND:FR069029001,BRON LYON AEROPORT FR,20130122,0,-9999,-9999
GHCND:FR069029001,BRON LYON AEROPORT FR,20130123,0,-9999,-15
GHCND:FR069029001,BRON LYON AEROPORT FR,20130124,0,33,-2
GHCND:FR069029001,BRON LYON AEROPORT FR,20130125,0,22,-9999
GHCND:FR069029001,BRON LYON AEROPORT FR,20130126,0,22,-45
GHCND:FR069029001,BRON LYON AEROPORT FR,20130127,0,52,-9999
GHCND:FR069029001,BRON LYON AEROPORT FR,20130128,175,85,-9999
GHCND:FR069029001,BRON LYON AEROPORT FR,20130129,5,92,8
GHCND:FR069029001,BRON LYON AEROPORT FR,20130130,5,185,57
GHCND:FR069029001,BRON LYON AEROPORT FR,20130131,5,-9999,27
GHCND:FR069029001,BRON LYON AEROPORT FR,20130201,5,-9999,67
GHCND:FR069029001,BRON LYON AEROPORT FR,20130202,36,126,-9999
GHCND:FR069029001,BRON LYON AEROPORT FR,20130203,5,-9999,-9999
GHCND:FR069029001,BRON LYON AEROPORT FR,20130204,18,-9999,-7
GHCND:FR069029001,BRON LYON AEROPORT FR,20130205,43,-9999,-9999
GHCND:FR069029001,BRON LYON AEROPORT FR,20130206,48,74,7
GHCND:FR069029001,BRON LYON AEROPORT FR,20130207,43,54,-9999
GHCND:FR069029001,BRON LYON AEROPORT FR,20130208,15,24,-9999
GHCND:FR069029001,BRON LYON AEROPORT FR,20130209,15,-9999,-51
GHCND:FR069029001,BRON LYON AEROPORT FR,20130210,3,-9999,-36
GHCND:FR069029001,BRON LYON AEROPORT FR,20130211,43,62,9
GHCND:FR069029001,BRON LYON AEROPORT FR,20130212,66,40,-9999
GHCND:FR069029001,BRON LYON AEROPORT FR,20130213,25,21,-9999
GHCND:FR069029001,BRON LYON AEROPORT FR,20130214,0,33,-56
GHCND:FR069029001,BRON LYON AEROPORT FR,20130215,38,-9999,-9999
GHCND:FR069029001,BRON LYON AEROPORT FR,20130216,5,66,-9999
GHCND:FR069029001,BRON LYON AEROPORT FR,20130217,0,24,-9999
GHCND:FR069029001,BRON LYON AEROPORT FR,20130218,0,55,-9999
GHCND:FR069029001,BRON LYON AEROPORT FR,20130219,0,82,-23
GHCND:FR069029001,BRON LYON AEROPORT FR,20130220,0,-9999,-23
GHCND:FR069029001,BRON LYON AEROPORT FR,20130221,0,24,-16
GHCND:FR069029001,BRON LYON AEROPORT FR,20130222,0,21,-35
GHCND:FR069029001,BRON LYON AEROPORT FR,20130223,0,-5,-9999
GHCND:FR069029001,BRON LYON AEROPORT FR,20130224,0,-9999,-31
GHCND:FR069029001,BRON LYON AEROPORT FR,20130225,0,23,-9999
GHCND:FR069029001,BRON LYON AEROPORT FR,20130226,0,49,-62
GHCND:FR069029001,BRON LYON AEROPORT FR,20130227,0,30,-9999
GHCND:FR069029001,BRON LYON AEROPORT FR,20130228,0,-9999,-51
GHCND:FR069029001,BRON LYON AEROPORT FR,20130301,0,44,-34
GHCND:FR069029001,BRON LYON AEROPORT FR,20130302,0,43,-9999
GHCND:FR069029001,BRON LYON AEROPORT FR,20130303,0,-9999,-9999
GHCND:FR069029001,BRON LYON AEROPORT FR,20130304,0,164,-9999
GHCND:FR069029001,BRON LYON AEROPORT FR,20130305,0,123,33
GHCND:FR069029001,BRON LYON AEROPORT FR,20130306,0,-9999,-9999
GHCND:FR069029001,BRON LYON AEROPORT FR,20130307,18,174,67
GHCND:FR069029001,BRON LYON AEROPORT FR,20130308,25,143,-9999
GHCND:FR069029001,BRON LYON AEROPORT FR,20130309,15,151,38
GHCND:FR069029001,BRON LYON AEROPORT FR,20130310,0,169,-9999
GHCND:FR069029001,BRON LYON AEROPORT FR,20130311,10,158,58
GHCND:FR069029001,BRON LYON AEROPORT FR,20130312,3,-9999,-9999
GHCND:FR069029001,BRON LYON AEROPORT FR,20130313,0,76,-9999
GHCND:FR069029001,BRON LYON AEROPORT FR,20130314,0,49,-23
GHCND:FR069029001,BRON LYON AEROPORT FR,20130315,0,-9999,-9999
GHCND:FR069029001,BRON LYON AEROPORT FR,20130316,0,126,-52
GHCND:FR069029001,BRON LYON AEROPORT FR,20130317,0,100,-9999
GHCND:FR069029001,BRON LYON AEROPORT FR,20130318,114,112,29
GHCND:FR069029001,BRON LYON AEROPORT FR,20130319,30,124,48
GHCND:FR069029001,BRON LYON AEROPORT FR,20130320,0,140,-9999
GHCND:FR069029001,BRON LYON AEROPORT FR,20130321,33,143,-9999
GHCND:FR069029001,BRON LYON AEROPORT FR,20130322,0,191,17
GHCND:FR069029001,BRON LYON AEROPORT FR,20130323,8,155,98
GHCND:FR069029001,BRON LYON AEROPORT FR,20130324,74,128,-9999
GHCND:FR069029001,BRON LYON AEROPORT FR,20130325,5,114,39
GHCND:FR069029001,BRON LYON AEROPORT FR,20130326,0,84,-9999
GHCND:FR069029001,BRON LYON AEROPORT FR,20130327,0,-9999,5
GHCND:FR069029001,BRON LYON AEROPORT FR,20130328,23,101,36
GHCND:FR069029001,BRON LYON AEROPORT FR,20130329,175,-9999,47
GHCND:FR069029001,BRON LYON AEROPORT FR,20130330,86,118,65
GHCND:FR069029001,BRON LYON AEROPORT FR,20130331,86,90,-9999
GHCND:FR069029001,BRON LYON AEROPORT FR,20130401,0,108,-15
GHCND:FR069029001,BRON LYON AEROPORT FR,20130402,0,-9999,-9999
GHCND:FR069029001,BRON LYON AEROPORT FR,20130403,0,134,44
GHCND:FR069029001,BRON LYON AEROPORT FR,20130404,0,150,36
GHCND:FR069029001,BRON LYON AEROPORT FR,20130405,3,136,-9999
GHCND:FR069029001,BRON LYON AEROPORT FR,20130406,0,113,-9999
GHCND:FR069029001,BRON LYON AEROPORT FR,20130407,0,114,48
GHCND:FR069029001,BRON LYON AEROPORT FR,20130408,0,122,46
GHCND:FR069029001,BRON LYON AEROPORT FR,20130409,74,-9999,44
GHCND:FR069029001,BRON LYON AEROPORT FR,20130410,5,177,-9999
GHCND:FR069029001,BRON LYON AEROPORT FR,20130411,8,192,-9999
GHCND:FR069029001,BRON LYON AEROPORT FR,20130412,81,172,83
GHCND:FR069029001,BRON LYON AEROPORT FR,20130413,18,200,70
GHCND:FR069029001,BRON LYON AEROPORT FR,20130414,0,244,68
GHCND:FR069029001,BRON LYON AEROPORT FR,20130415,0,252,109
GHCND:FR069029001,BRON LYON AEROPORT FR,20130416,0,244,-9999
GHCND:FR069029001,BRON LYON AEROPORT FR,20130417,0,-9999,95
GHCND:FR069029001,BRON LYON AEROPORT FR,20130418,0,240,126
GHCND:FR069029001,BRON LYON AEROPORT FR,20130419,46,173,-9999
GHCND:FR069029001,BRON LYON AEROPORT FR,20130420,76,105,65
GHCND:FR069029001,BRON LYON AEROPORT FR,20130421,18,-9999,-9999
GHCND:FR069029001,BRON LYON AEROPORT FR,20130422,0,153,-9999
GHCND:FR069029001,BRON LYON AEROPORT FR,20130423,0,193,52
GHCND:FR069029001,BRON LYON AEROPORT FR,20130424,0,235,68
GHCND:FR069029001,BRON LYON AEROPORT FR,20130425,0,-9999,86
GHCND:FR069029001,BRON LYON AEROPORT FR,20130426,3,238,-9999
GHCND:FR069029001,BRON LYON AEROPORT FR,20130427,216,168,-9999
GHCND:FR069029001,BRON LYON AEROPORT FR,20130428,198,81,31
GHCND:FR069029001,BRON LYON AEROPORT FR,20130429,41,-9999,67
GHCND:FR069029001,BRON LYON AEROPORT FR,20130430,84,170,-9999
GHCND:FR069029001,BRON LYON AEROPORT FR,20130501,48,180,114
GHCND:FR069029001,BRON LYON AEROPORT FR,20130502,33,207,99
GHCND:FR069029001,BRON LYON AEROPORT FR,20130503,442,176,108
GHCND:FR069029001,BRON LYON AEROPORT FR,20130504,74,172,-9999
GHCND:FR069029001,BRON LYON AEROPORT FR,20130505,0,215,97
GHCND:FR069029001,BRON LYON AEROPORT FR,20130506,0,213,-9999
GHCND:FR069029001,BRON LYON AEROPORT FR,20130507,0,227,94
GHCND:FR069029001,BRON LYON AEROPORT FR,20130508,0,241,-9999
GHCND:SPE00119747,VITORIA FORONDA SP,19830520,120,86,38
GHCND:SPE00119747,VITORIA FORONDA SP,19830521,17,122,32
GHCND:SPE00119747,VITORIA FORONDA SP,19830522,3,140,52
GHCND:SPE00119747,VITORIA FORONDA SP,19830523,5,106,38
GHCND:SPE00119747,VITORIA FORONDA SP,19830524,9,112,54
GHCND:SPE00119747,VITORIA FORONDA SP,19830525,3,132,74
GHCND:SPE00119747,VITORIA FORONDA SP,19830526,3,144,72
GHCND:SPE00119747,VITORIA FORONDA SP,19830527,0,180,58
GHCND:SPE00119747,VITORIA FORONDA SP,19830528,48,188,44
GHCND:SPE00119747,VITORIA FORONDA SP,19830529,0,184,98
GHCND:SPE00119747,VITORIA FORONDA SP,19830530,0,242,66
GHCND:SPE00119747,VITORIA FORONDA SP,19830531,0,254,92
GHCND:SPE00119747,VITORIA FORONDA SP,19830601,0,208,84
GHCND:SPE00119747,VITORIA FORONDA SP,19830602,0,252,58
GHCND:SPE00119747,VITORIA FORONDA SP,19830603,0,292,92
GHCND:SPE00119747,VITORIA FORONDA SP,19830604,0,272,108
GHCND:SPE00119747,VITORIA FORONDA SP,19830605,0,284,168
GHCND:SPE00119747,VITORIA FORONDA SP,19830606,0,316,146
GHCND:SPE00119747,VITORIA FORONDA SP,19830607,0,308,122
GHCND:SPE00119747,VITORIA FORONDA SP,19830608,0,258,128
GHCND:SPE00119747,VITORIA FORONDA SP,19830609,0,236,136
GHCND:SPE00119747,VITORIA FORONDA SP,19830610,0,246,142
GHCND:SPE00119747,VITORIA FORONDA SP,19830611,0,264,148
GHCND:SPE00119747,VITORIA FORONDA SP,19830612,0,214,130
GHCND:SPE00119747,VITORIA FORONDA SP,19830613,0,182,82
GHCND:SPE00119747,VITORIA FORONDA SP,19830614,0,212,52
GHCND:SPE00119747,VITORIA FORONDA SP,19830615,0,218,94
GHCND:SPE00119747,VITORIA FORONDA SP,19830616,0,282,70
GHCND:SPE00119747,VITORIA FORONDA SP,19830617,0,194,94
GHCND:SPE00119747,VITORIA FORONDA SP,19830618,0,188,82
GHCND:SPE00119747,VITORIA FORONDA SP,19830619,0,184,76
GHCND:SPE00119747,VITORIA FORONDA SP,19830620,0,238,44
GHCND:SPE00119747,VITORIA FORONDA SP,19830621,0,242,76
GHCND:SPE00119747,VITORIA FORONDA SP,19830622,0,218,82
GHCND:SPE00119747,VITORIA FORONDA SP,19830623,0,206,106
GHCND:SPE00119747,VITORIA FORONDA SP,19830624,146,208,128
GHCND:SPE00119747,VITORIA FORONDA SP,19830625,5,184,132
GHCND:SPE00119747,VITORIA FORONDA SP,19830626,16,194,130
GHCND:SPE00119747,VITORIA FORONDA SP,19830627,7,152,124
GHCND:SPE00119747,VITORIA FORONDA SP,19830628,0,154,118
GHCND:SPE00119747,VITORIA FORONDA SP,19830629,0,184,72
GHCND:SPE00119747,VITORIA FORONDA SP,19830630,0,214,58
GHCND:SPE00119747,VITORIA FORONDA SP,19830701,0,230,92
GHCND:SPE00119747,VITORIA FORONDA SP,19830702,74,274,110
GHCND:SPE00119747,VITORIA FORONDA SP,19830703,446,188,138
GHCND:SPE00119747,VITORIA FORONDA SP,19830704,0,216,136
GHCND:SPE00119747,VITORIA FORONDA SP,19830705,173,254,122
GHCND:SPE00119747,VITORIA FORONDA SP,19830706,3,256,136
GHCND:SPE00119747,VITORIA FORONDA SP,19830707,0,284,154
GHCND:SPE00119747,VITORIA FORONDA SP,19830708,0,286,152
GHCND:SPE00119747,VITORIA FORONDA SP,19830709,0,318,140
GHCND:SPE00119747,VITORIA FORONDA SP,19830710,0,332,148
GHCND:SPE00119747,VITORIA FORONDA SP,19830711,0,302,174
GHCND:SPE00119747,VITORIA FORONDA SP,19830712,0,262,186
GHCND:SPE00119747,VITORIA FORONDA SP,19830713,0,300,176
GHCND:SPE00119747,VITORIA FORONDA SP,19830714,0,292,158
GHCND:SPE00119747,VITORIA FORONDA SP,19830715,0,276,146
GHCND:SPE00119747,VITORIA FORONDA SP,19830716,0,246,174
GHCND:SPE00119747,VITORIA FORONDA SP,19830717,0,272,174
GHCND:SPE00119747,VITORIA FORONDA SP,19830718,0,322,176
GHCND:SPE00119747,VITORIA FORONDA SP,19830719,0,252,168
GHCND:SPE00119747,VITORIA FORONDA SP,19830720,0,208,170
GHCND:SPE00119747,VITORIA FORONDA SP,19830721,0,328,178
GHCND:SPE00119747,VITORIA FORONDA SP,19830722,0,264,172
GHCND:SPE00119747,VITORIA FORONDA SP,19830723,0,252,152
GHCND:SPE00119747,VITORIA FORONDA SP,19830724,0,266,134
GHCND:SPE00119747,VITORIA FORONDA SP,19830725,0,234,164
GHCND:SPE00119747,VITORIA FORONDA SP,19830726,10,226,168
GHCND:SPE00119747,VITORIA FORONDA SP,19830727,8,192,152
GHCND:SPE00119747,VITORIA FORONDA SP,19830728,0,236,144
GHCND:SPE00119747,VITORIA FORONDA SP,19830729,0,276,176
GHCND:SPE00119747,VITORIA FORONDA SP,19830730,0,368,174
GHCND:SPE00119747,VITORIA FORONDA SP,19830731,0,296,170
GHCND:SPE00119747,VITORIA FORONDA SP,19830801,0,214,148
GHCND:SPE00119747,VITORIA FORONDA SP,19830802,0,194,128
GHCND:SPE00119747,VITORIA FORONDA SP,19830803,0,204,102
GHCND:SPE00119747,VITORIA FORONDA SP,19830804,0,248,78
GHCND:SPE00119747,VITORIA FORONDA SP,19830805,0,220,106
GHCND:SPE00119747,VITORIA FORONDA SP,19830806,0,246,96
GHCND:SPE00119747,VITORIA FORONDA SP,19830807,276,238,132
GHCND:SPE00119747,VITORIA FORONDA SP,19830808,373,226,152
GHCND:SPE00119747,VITORIA FORONDA SP,19830809,136,238,140
GHCND:SPE00119747,VITORIA FORONDA SP,19830810,55,214,120
GHCND:SPE00119747,VITORIA FORONDA SP,19830811,0,208,132
GHCND:SPE00119747,VITORIA FORONDA SP,19830812,0,212,152
GHCND:SPE00119747,VITORIA FORONDA SP,19830813,0,242,136
GHCND:SPE00119747,VITORIA FORONDA SP,19830814,2,252,134
GHCND:SPE00119747,VITORIA FORONDA SP,19830815,0,248,128
GHCND:SPE00119747,VITORIA FORONDA SP,19830816,65,196,134
GHCND:SPE00119747,VITORIA FORONDA SP,19830817,0,258,96
GHCND:SPE00119747,VITORIA FORONDA SP,19830818,12,306,118
GHCND:SPE00119747,VITORIA FORONDA SP,19830819,0,248,142
GHCND:SPE00119747,VITORIA FORONDA SP,19830820,0,272,136
GHCND:SPE00119747,VITORIA FORONDA SP,19830821,25,218,152
GHCND:SPE00119747,VITORIA FORONDA SP,19830822,93,184,148
GHCND:SPE00119747,VITORIA FORONDA SP,19830823,10,182,146
GHCND:SPE00119747,VITORIA FORONDA SP,19830824,156,208,152
GHCND:SPE00119747,VITORIA FORONDA SP,19830825,303,206,154
GHCND:SPE00119747,VITORIA FORONDA SP,19830826,724,168,154
GHCND:SPE00119747,VITORIA FORONDA SP,19830827,18,218,156
GHCND:SPE00119747,VITORIA FORONDA SP,19830828,40,200,164
GHCND:SPE00119747,VITORIA FORONDA SP,19830829,0,228,146
GHCND:SPE00119747,VITORIA FORONDA SP,19830830,0,270,142
GHCND:SPE00119747,VITORIA FORONDA SP,19830831,137,286,126
GHCND:SPE00119747,VITORIA FORONDA SP,19830901,0,192,114
GHCND:SPE00119747,VITORIA FORONDA SP,19830902,0,258,92
GHCND:SPE00119747,VITORIA FORONDA SP,19830903,0,186,104
GHCND:SPE00119747,VITORIA FORONDA SP,19830904,0,258,72
GHCND:SPE00119747,VITORIA FORONDA SP,19830905,0,256,92
GHCND:SPE00119747,VITORIA FORONDA SP,19830906,0,258,112
GHCND:SPE00119747,VITORIA FORONDA SP,19830907,0,286,132
GHCND:SPE00119747,VITORIA FORONDA SP,19830908,0,296,108
GHCND:SPE00119747,VITORIA FORONDA SP,19830909,0,276,114
GHCND:SPE00119747,VITORIA FORONDA SP,19830910,20,188,120
GHCND:SPE00119747,VITORIA FORONDA SP,19830911,2,158,80
GHCND:SPE00119747,VITORIA FORONDA SP,19830912,0,170,78
GHCND:SPE00119747,VITORIA FORONDA SP,19830913,0,254,62
GHCND:SPE00119747,VITORIA FORONDA SP,19830914,0,274,78
GHCND:SPE00119747,VITORIA FORONDA SP,19830915,0,260,114
GHCND:SPE00119747,VITORIA FORONDA SP,19830916,21,182,124
GHCND:SPE00119747,VITORIA FORONDA SP,19830917,0,178,78
GHCND:SPE00119747,VITORIA FORONDA SP,19830918,0,256,52
GHCND:SPE00119747,VITORIA FORONDA SP,19830919,0,244,94
GHCND:SPE00119747,VITORIA FORONDA SP,19830920,0,252,134
GHCND:SPE00119747,VITORIA FORONDA SP,19830921,0,294,128
GHCND:SPE00119747,VITORIA FORONDA SP,19830922,0,298,96
GHCND:SPE00119747,VITORIA FORONDA SP,19830923,0,302,156
GHCND:SPE00119747,VITORIA FORONDA SP,19830924,0,298,152
GHCND:SPE00119747,VITORIA FORONDA SP,19830925,0,328,108
GHCND:SPE00119747,VITORIA FORONDA SP,19830926,0,262,104
GHCND:SPE00119747,VITORIA FORONDA SP,19830927,0,258,106
GHCND:SPE00119747,VITORIA FORONDA SP,19830928,0,262,78
GHCND:SPE00119747,VITORIA FORONDA SP,19830929,0,252,82
GHCND:SPE00119747,VITORIA FORONDA SP,19830930,0,218,110
GHCND:SPE00119747,VITORIA FORONDA SP,19831001,0,250,104
GHCND:SPE00119747,VITORIA FORONDA SP,19831002,0,278,78
GHCND:SPE00119747,VITORIA FORONDA SP,19831003,0,274,82
GHCND:SPE00119747,VITORIA FORONDA SP,19831004,0,256,156
GHCND:SPE00119747,VITORIA FORONDA SP,19831005,0,258,128
GHCND:SPE00119747,VITORIA FORONDA SP,19831006,0,248,128
GHCND:SPE00119747,VITORIA FORONDA SP,19831007,0,196,146
GHCND:SPE00119747,VITORIA FORONDA SP,19831008,0,180,96
GHCND:SPE00119747,VITORIA FORONDA SP,19831009,0,200,78
GHCND:SPE00119747,VITORIA FORONDA SP,19831010,0,182,76
GHCND:SPE00119747,VITORIA FORONDA SP,19831011,0,154,68
GHCND:SPE00119747,VITORIA FORONDA SP,19831012,0,212,58
GHCND:SPE00119747,VITORIA FORONDA SP,19831013,0,224,78
GHCND:SPE00119747,VITORIA FORONDA SP,19831014,28,196,64
GHCND:SPE00119747,VITORIA FORONDA SP,19831015,0,174,44
GHCND:SPE00119747,VITORIA FORONDA SP,19831016,66,170,94
GHCND:SPE00119747,VITORIA FORONDA SP,19831017,22,124,72
GHCND:SPE00119747,VITORIA FORONDA SP,19831018,0,162,32
GHCND:SPE00119747,VITORIA FORONDA SP,19831019,0,194,56
GHCND:SPE00119747,VITORIA FORONDA SP,19831020,0,168,64
GHCND:SPE00119747,VITORIA FORONDA SP,19831021,0,206,74
GHCND:SPE00119747,VITORIA FORONDA SP,19831022,0,202,88
GHCND:SPE00119747,VITORIA FORONDA SP,19831023,0,164,88
GHCND:SPE00119747,VITORIA FORONDA SP,19831024,0,166,48
GHCND:SPE00119747,VITORIA FORONDA SP,19831025,0,176,16
GHCND:SPE00119747,VITORIA FORONDA SP,19831026,0,178,-16
GHCND:SPE00119747,VITORIA FORONDA SP,19831027,0,196,26
GHCND:SPE00119747,VITORIA FORONDA SP,19831028,10,194,44
GHCND:SPE00119747,VITORIA FORONDA SP,19831029,15,104,56
GHCND:SPE00119747,VITORIA FORONDA SP,19831030,0,98,16
GHCND:SPE00119747,VITORIA FORONDA SP,19831031,0,112,16
GHCND:SPE00119747,VITORIA FORONDA SP,19831101,0,132,62
GHCND:SPE00119747,VITORIA FORONDA SP,19831102,0,152,16
GHCND:SPE00119747,VITORIA FORONDA SP,19831103,0,154,84
GHCND:SPE00119747,VITORIA FORONDA SP,19831104,0,160,94
GHCND:SPE00119747,VITORIA FORONDA SP,19831105,0,166,88
GHCND:SPE00119747,VITORIA FORONDA SP,19831106,2,158,102
GHCND:SPE00119747,VITORIA FORONDA SP,19831107,0,184,108
GHCND:SPE00119747,VITORIA FORONDA SP,19831108,0,176,130
GHCND:SPE00119747,VITORIA FORONDA SP,19831109,1,166,138
GHCND:SPE00119747,VITORIA FORONDA SP,19831110,0,152,48
GHCND:SPE00119747,VITORIA FORONDA SP,19831111,0,168,4
GHCND:SPE00119747,VITORIA FORONDA SP,19831112,0,178,14
GHCND:SPE00119747,VITORIA FORONDA SP,19831113,0,122,34
GHCND:SPE00119747,VITORIA FORONDA SP,19831114,48,148,98
GHCND:SPE00119747,VITORIA FORONDA SP,19831115,0,154,72
GHCND:SPE00119747,VITORIA FORONDA SP,19831116,51,110,58
GHCND:SPE00119747,VITORIA FORONDA SP,19831117,2,116,84
GHCND:SPE00119747,VITORIA FORONDA SP,19831118,0,84,30
GHCND:SPE00119747,VITORIA FORONDA SP,19831119,7,102,8
GHCND:SPE00119747,VITORIA FORONDA SP,19831120,53,98,64
GHCND:SPE00119747,VITORIA FORONDA SP,19831121,0,144,76
GHCND:SPE00119747,VITORIA FORONDA SP,19831122,0,130,102
GHCND:SPE00119747,VITORIA FORONDA SP,19831123,13,142,102
GHCND:SPE00119747,VITORIA FORONDA SP,19831124,0,152,92
GHCND:SPE00119747,VITORIA FORONDA SP,19831125,0,158,80
GHCND:SPE00119747,VITORIA FORONDA SP,19831126,0,156,114
GHCND:SPE00119747,VITORIA FORONDA SP,19831127,189,162,96
GHCND:SPE00119747,VITORIA FORONDA SP,19831128,14,98,78
GHCND:SPE00119747,VITORIA FORONDA SP,19831129,0,136,36
GHCND:SPE00119747,VITORIA FORONDA SP,19831130,0,108,24
GHCND:SPE00119747,VITORIA FORONDA SP,19831201,0,120,4
GHCND:SPE00119747,VITORIA FORONDA SP,19831202,0,88,4
GHCND:SPE00119747,VITORIA FORONDA SP,19831203,0,94,-24
GHCND:SPE00119747,VITORIA FORONDA SP,19831204,0,66,-36
GHCND:SPE00119747,VITORIA FORONDA SP,19831205,0,64,-48
GHCND:SPE00119747,VITORIA FORONDA SP,19831206,0,0,-36
GHCND:SPE00119747,VITORIA FORONDA SP,19831207,0,82,-34
GHCND:SPE00119747,VITORIA FORONDA SP,19831208,0,4,-36
GHCND:SPE00119747,VITORIA FORONDA SP,19831209,91,48,-48
GHCND:SPE00119747,VITORIA FORONDA SP,19831210,118,54,32
GHCND:SPE00119747,VITORIA FORONDA SP,19831211,39,68,22
GHCND:SPE00119747,VITORIA FORONDA SP,19831212,220,86,28
GHCND:SPE00119747,VITORIA FORONDA SP,19831213,0,68,-6
GHCND:SPE00119747,VITORIA FORONDA SP,19831214,4,62,-14
GHCND:SPE00119747,VITORIA FORONDA SP,19831215,25,66,38
GHCND:SPE00119747,VITORIA FORONDA SP,19831216,82,74,36
GHCND:SPE00119747,VITORIA FORONDA SP,19831217,8,68,34
GHCND:SPE00119747,VITORIA FORONDA SP,19831218,406,102,40
GHCND:SPE00119747,VITORIA FORONDA SP,19831219,0,84,60
GHCND:SPE00119747,VITORIA FORONDA SP,19831220,25,146,78
GHCND:SPE00119747,VITORIA FORONDA SP,19831221,10,98,54
GHCND:SPE00119747,VITORIA FORONDA SP,19831222,0,132,72
GHCND:SPE00119747,VITORIA FORONDA SP,19831223,0,138,82
GHCND:SPE00119747,VITORIA FORONDA SP,19831224,0,114,44
GHCND:SPE00119747,VITORIA FORONDA SP,19831225,0,122,6
GHCND:SPE00119747,VITORIA FORONDA SP,19831226,0,122,-12
GHCND:SPE00119747,VITORIA FORONDA SP,19831227,0,126,28
GHCND:SPE00119747,VITORIA FORONDA SP,19831228,0,140,2
GHCND:SPE00119747,VITORIA FORONDA SP,19831229,0,120,16
GHCND:SPE00119747,VITORIA FORONDA SP,19831230,0,128,-8
GHCND:SPE00119747,VITORIA FORONDA SP,19831231,0,94,44
GHCND:SPE00119747,VITORIA FORONDA SP,19840101,0,54,-2
GHCND:SPE00119747,VITORIA FORONDA SP,19840102,0,68,4
GHCND:SPE00119747,VITORIA FORONDA SP,19840103,36,64,-8
GHCND:SPE00119747,VITORIA FORONDA SP,19840104,123,42,12
GHCND:SPE00119747,VITORIA FORONDA SP,19840105,77,66,14
GHCND:SPE00119747,VITORIA FORONDA SP,19840106,80,92,38
GHCND:SPE00119747,VITORIA FORONDA SP,19840107,139,106,52
GHCND:SPE00119747,VITORIA FORONDA SP,19840108,70,66,24
GHCND:SPE00119747,VITORIA FORONDA SP,19840109,58,30,4
GHCND:SPE00119747,VITORIA FORONDA SP,19840110,0,50,-8
GHCND:SPE00119747,VITORIA FORONDA SP,19840111,0,48,-32
GHCND:SPE00119747,VITORIA FORONDA SP,19840112,114,68,20
GHCND:SPE00119747,VITORIA FORONDA SP,19840113,0,84,18
GHCND:SPE00119747,VITORIA FORONDA SP,19840114,16,112,14
GHCND:SPE00119747,VITORIA FORONDA SP,19840115,0,94,2
GHCND:SPE00119747,VITORIA FORONDA SP,19840116,0,98,-18
GHCND:SPE00119747,VITORIA FORONDA SP,19840117,0,88,32
GHCND:SPE00119747,VITORIA FORONDA SP,19840118,40,98,44
GHCND:SPE00119747,VITORIA FORONDA SP,19840119,0,120,32
GHCND:SPE00119747,VITORIA FORONDA SP,19840120,3,94,24
GHCND:SPE00119747,VITORIA FORONDA SP,19840121,69,104,48
GHCND:SPE00119747,VITORIA FORONDA SP,19840122,26,106,72
GHCND:SPE00119747,VITORIA FORONDA SP,19840123,90,130,42
GHCND:SPE00119747,VITORIA FORONDA SP,19840124,11,82,16
GHCND:SPE00119747,VITORIA FORONDA SP,19840125,3,92,18
GHCND:SPE00119747,VITORIA FORONDA SP,19840126,6,104,36
GHCND:SPE00119747,VITORIA FORONDA SP,19840127,0,74,-12
GHCND:SPE00119747,VITORIA FORONDA SP,19840128,0,84,-26
GHCND:SPE00119747,VITORIA FORONDA SP,19840129,2,56,-8
GHCND:SPE00119747,VITORIA FORONDA SP,19840130,39,48,-24
GHCND:SPE00119747,VITORIA FORONDA SP,19840131,77,94,46
GHCND:SPE00119747,VITORIA FORONDA SP,19840201,161,112,42
GHCND:SPE00119747,VITORIA FORONDA SP,19840202,226,44,16
GHCND:SPE00119747,VITORIA FORONDA SP,19840203,3,114,38
GHCND:SPE00119747,VITORIA FORONDA SP,19840204,0,116,42
GHCND:SPE00119747,VITORIA FORONDA SP,19840205,6,96,52
GHCND:SPE00119747,VITORIA FORONDA SP,19840206,0,102,30
GHCND:SPE00119747,VITORIA FORONDA SP,19840207,95,104,18
GHCND:SPE00119747,VITORIA FORONDA SP,19840208,109,120,78
GHCND:SPE00119747,VITORIA FORONDA SP,19840209,78,80,34
GHCND:SPE00119747,VITORIA FORONDA SP,19840210,0,68,2
GHCND:SPE00119747,VITORIA FORONDA SP,19840211,0,72,-24
GHCND:SPE00119747,VITORIA FORONDA SP,19840212,0,62,8
GHCND:SPE00119747,VITORIA FORONDA SP,19840213,0,56,22
GHCND:SPE00119747,VITORIA FORONDA SP,19840214,0,82,-8
GHCND:SPE00119747,VITORIA FORONDA SP,19840215,0,76,-58
GHCND:SPE00119747,VITORIA FORONDA SP,19840216,0,94,-42
GHCND:SPE00119747,VITORIA FORONDA SP,19840217,0,102,-54
GHCND:SPE00119747,VITORIA FORONDA SP,19840218,0,104,-14
GHCND:SPE00119747,VITORIA FORONDA SP,19840219,16,102,28
GHCND:SPE00119747,VITORIA FORONDA SP,19840220,0,112,-18
GHCND:SPE00119747,VITORIA FORONDA SP,19840221,25,86,6
GHCND:SPE00119747,VITORIA FORONDA SP,19840222,158,72,6
GHCND:SPE00119747,VITORIA FORONDA SP,19840223,184,46,12
GHCND:SPE00119747,VITORIA FORONDA SP,19840224,126,26,4
GHCND:SPE00119747,VITORIA FORONDA SP,19840225,22,18,2
GHCND:SPE00119747,VITORIA FORONDA SP,19840226,10,50,-12
GHCND:SPE00119747,VITORIA FORONDA SP,19840227,16,48,-26
GHCND:SPE00119747,VITORIA FORONDA SP,19840228,112,26,4
GHCND:SPE00119747,VITORIA FORONDA SP,19840229,28,46,12
GHCND:SPE00119747,VITORIA FORONDA SP,19840301,56,16,-2
GHCND:SPE00119747,VITORIA FORONDA SP,19840302,26,88,-12
GHCND:SPE00119747,VITORIA FORONDA SP,19840303,39,64,22
GHCND:SPE00119747,VITORIA FORONDA SP,19840304,0,52,12
GHCND:SPE00119747,VITORIA FORONDA SP,19840305,0,88,-16
GHCND:SPE00119747,VITORIA FORONDA SP,19840306,0,114,-38
GHCND:SPE00119747,VITORIA FORONDA SP,19840307,0,140,-38
GHCND:SPE00119747,VITORIA FORONDA SP,19840308,0,82,-8
GHCND:SPE00119747,VITORIA FORONDA SP,19840309,0,56,-18
GHCND:SPE00119747,VITORIA FORONDA SP,19840310,0,40,-22
GHCND:SPE00119747,VITORIA FORONDA SP,19840311,0,58,-36
GHCND:SPE00119747,VITORIA FORONDA SP,19840312,0,106,-8
GHCND:SPE00119747,VITORIA FORONDA SP,19840313,0,100,8
GHCND:SPE00119747,VITORIA FORONDA SP,19840314,32,68,10
GHCND:SPE00119747,VITORIA FORONDA SP,19840315,0,72,0
GHCND:SPE00119747,VITORIA FORONDA SP,19840316,0,86,-36
GHCND:SPE00119747,VITORIA FORONDA SP,19840317,36,94,-22
GHCND:SPE00119747,VITORIA FORONDA SP,19840318,1,104,4
GHCND:SPE00119747,VITORIA FORONDA SP,19840319,25,128,-24
GHCND:SPE00119747,VITORIA FORONDA SP,19840320,7,78,52
GHCND:SPE00119747,VITORIA FORONDA SP,19840321,1,98,48
GHCND:SPE00119747,VITORIA FORONDA SP,19840322,0,98,4
GHCND:SPE00119747,VITORIA FORONDA SP,19840323,0,128,-22
